Company,Address,Phone

OakWood Designers & Builders,865 Taylor Creek Drive,6132368001

Danielson Real Estate.Inc, 999 Merivale Road Ottawa ON K1Z 6A6, 613-220-7024

Cash & Carry Carpet Centre, Unit# 2 - 920 Belfast Road Ottawa ON K1G0Z6, (613) 762-2968

Walmar Ventilation Products, 24 Gurdwara Road Ottawa ON K2E 8B5, 613-225-9774

Colliers International, 930-340 Albert St Ottawa ON K1R 7Y6, (613) 567-8050

Osgoode Properties, 1284 Wellington St Ottawa ON K1Y3A9, (613) 729-0656

iQ Offices, 222 Queen Street, suite 1000 Ottawa Ontario K1P 3V9, (514) 248-6765

Louis W Bray Construction Limited, 308 Corduroy Road Vars Ontario K0A3H0, (613) 737-6711

Bassi Construction LP, 2575 Delzotto Avenue Unit A Ottawa ON K1T 3V6, (613) 822-6767

RE/MAX Absolute Realty- Darlene McGin, 102-31 Northside Road Ottawa ON K2H 8S1, (613) 853-5969
